Datetime,Water Level (m)
2025-07-26 12:00:00,0.8738083
2025-07-26 13:00:00,0.5891718
2025-07-26 14:00:00,0.29790378
2025-07-26 15:00:00,0.045072243
2025-07-26 16:00:00,-0.11581525
2025-07-26 17:00:00,0.09092652
2025-07-26 18:00:00,0.47591758
2025-07-26 19:00:00,0.8750479
2025-07-26 20:00:00,1.2484831
2025-07-26 21:00:00,1.4551184
2025-07-26 22:00:00,1.3313047
2025-07-26 23:00:00,1.0416993
2025-07-27 00:00:00,0.76428753
2025-07-27 01:00:00,0.47724563
2025-07-27 02:00:00,0.20389555
2025-07-27 03:00:00,-0.041379463
2025-07-27 04:00:00,-0.18429321
2025-07-27 05:00:00,0.061470103
2025-07-27 06:00:00,0.45998767
2025-07-27 07:00:00,0.8827063
2025-07-27 08:00:00,1.3043517
2025-07-27 09:00:00,1.5134599
2025-07-27 10:00:00,1.5895798
2025-07-27 11:00:00,1.3167965
2025-07-27 12:00:00,1.0315253
2025-07-27 13:00:00,0.7420352
2025-07-27 14:00:00,0.44321886
2025-07-27 15:00:00,0.16898301
2025-07-27 16:00:00,-0.06562672
2025-07-27 17:00:00,-0.09993282
2025-07-27 18:00:00,0.2424094
2025-07-27 19:00:00,0.6237791
2025-07-27 20:00:00,1.0096971
2025-07-27 21:00:00,1.3232064
2025-07-27 22:00:00,1.4042755
2025-07-27 23:00:00,1.1683737
2025-07-28 00:00:00,0.893767
2025-07-28 01:00:00,0.6231698
2025-07-28 02:00:00,0.3427036
2025-07-28 03:00:00,0.08711166
2025-07-28 04:00:00,-0.12653947
2025-07-28 05:00:00,-0.12540121
2025-07-28 06:00:00,0.22021735
2025-07-28 07:00:00,0.61295396
2025-07-28 08:00:00,1.0332036
2025-07-28 09:00:00,1.4084908
2025-07-28 10:00:00,1.5839299
2025-07-28 11:00:00,1.4309177
2025-07-28 12:00:00,1.1387899
2025-07-28 13:00:00,0.855648
2025-07-28 14:00:00,0.56552005
2025-07-28 15:00:00,0.28002822
2025-07-28 16:00:00,0.026974738
2025-07-28 17:00:00,-0.14551927
2025-07-28 18:00:00,0.035096668
2025-07-28 19:00:00,0.4028418
2025-07-28 20:00:00,0.7766185
2025-07-28 21:00:00,1.1352096
2025-07-28 22:00:00,1.3536159
2025-07-28 23:00:00,1.262504
2025-07-29 00:00:00,0.98349917
2025-07-29 01:00:00,0.7188927
2025-07-29 02:00:00,0.45073894
2025-07-29 03:00:00,0.1907054
2025-07-29 04:00:00,-0.04431523
2025-07-29 05:00:00,-0.18759803
2025-07-29 06:00:00,0.033040993
2025-07-29 07:00:00,0.4152946
2025-07-29 08:00:00,0.8133768
2025-07-29 09:00:00,1.2105424
2025-07-29 10:00:00,1.4893547
2025-07-29 11:00:00,1.5065709
2025-07-29 12:00:00,1.2377803
2025-07-29 13:00:00,0.9701846
2025-07-29 14:00:00,0.69279486
2025-07-29 15:00:00,0.41294497
2025-07-29 16:00:00,0.15689598
2025-07-29 17:00:00,-0.055200253
2025-07-29 18:00:00,-0.052650586
2025-07-29 19:00:00,0.28037935
2025-07-29 20:00:00,0.6326502
2025-07-29 21:00:00,0.9965072
2025-07-29 22:00:00,1.298244
2025-07-29 23:00:00,1.3978387
2025-07-30 00:00:00,1.1919948
2025-07-30 01:00:00,0.9307912
2025-07-30 02:00:00,0.6756939
2025-07-30 03:00:00,0.41160715
2025-07-30 04:00:00,0.16854241
2025-07-30 05:00:00,-0.030505346
2025-07-30 06:00:00,-0.025512587
2025-07-30 07:00:00,0.29719192
2025-07-30 08:00:00,0.6480798
2025-07-30 09:00:00,1.0157017
2025-07-30 10:00:00,1.3304353
2025-07-30 11:00:00,1.4579283
2025-07-30 12:00:00,1.2855728
2025-07-30 13:00:00,1.0180115
2025-07-30 14:00:00,0.75769573
2025-07-30 15:00:00,0.48326784
2025-07-30 16:00:00,0.2260777
2025-07-30 17:00:00,-0.00029312636
2025-07-30 18:00:00,-0.13403651
2025-07-30 19:00:00,0.0616477
2025-07-30 20:00:00,0.39516315
2025-07-30 21:00:00,0.7322259
2025-07-30 22:00:00,1.050806
2025-07-30 23:00:00,1.2465047
2025-07-31 00:00:00,1.1925199
2025-07-31 01:00:00,0.94984955
2025-07-31 02:00:00,0.7180353
2025-07-31 03:00:00,0.4778986
2025-07-31 04:00:00,0.2443402
2025-07-31 05:00:00,0.03911331
2025-07-31 06:00:00,-0.07868005
2025-07-31 07:00:00,0.11204086
2025-07-31 08:00:00,0.43122965
2025-07-31 09:00:00,0.7565002
2025-07-31 10:00:00,1.0710554
2025-07-31 11:00:00,1.2751114
2025-07-31 12:00:00,1.2408881
2025-07-31 13:00:00,0.99648374
2025-07-31 14:00:00,0.7571064
2025-07-31 15:00:00,0.50965375
2025-07-31 16:00:00,0.26710117
2025-07-31 17:00:00,0.048212316
2025-07-31 18:00:00,-0.11694642
2025-07-31 19:00:00,-0.07783392
2025-07-31 20:00:00,0.21105878
2025-07-31 21:00:00,0.5065757
2025-07-31 22:00:00,0.8117979
2025-07-31 23:00:00,1.0626745
2025-08-01 00:00:00,1.165069
2025-08-01 01:00:00,1.022818
2025-08-01 02:00:00,0.79899025
2025-08-01 03:00:00,0.58383054
2025-08-01 04:00:00,0.36351344
2025-08-01 05:00:00,0.16182898
2025-08-01 06:00:00,0.007891839
2025-08-01 07:00:00,0.02022315
2025-08-01 08:00:00,0.27642065
2025-08-01 09:00:00,0.5490834
2025-08-01 10:00:00,0.8274785
2025-08-01 11:00:00,1.0612583
2025-08-01 12:00:00,1.1582581
